<?xml version="1.0" encoding="UTF-8"?>  
<!DOCTYPE mapper PUBLIC "-//mybatis.org//DTD Mapper 3.0//EN" 
"http://mybatis.org/dtd/mybatis-3-mapper.dtd">
<!-- 配置Mabatis映射文件 -->
<mapper namespace="com.boot.dao.DetailsDAO">
  <resultMap type="details" id="detailsMap">
    <id property="detailsid" column="detailsid" />
    <result property="ordercode" column="ordercode" />
    <result property="goodsid" column="goodsid" />
    <result property="price" column="price" />
    <result property="num" column="num" />
    <result property="goodsname" column="goodsname" />
  </resultMap>
  <!-- 插入语句 DAO通过id调用此配置 -->
  <insert id="insertDetails" parameterType="details">
    insert into details(detailsid , ordercode , goodsid , price , num ) values(#{detailsid} , #{ordercode} , #{goodsid} , #{price} , #{num} )
  </insert>
  <!-- 更新语句 DAO通过id调用此配置 -->
  <update id="updateDetails" parameterType="details">
    update details set ordercode=#{ordercode} , goodsid=#{goodsid} , price=#{price} , num=#{num} where detailsid=#{detailsid}
  </update>
  <!-- 按主键删除 DAO通过id调用此配置 -->
  <delete id="deleteDetails" parameterType="String">
    delete from details where detailsid = #{detailsid}
  </delete>
  <!-- 查询全部信息 DAO通过id调用此配置 -->
  <select id="getAllDetails" resultMap="detailsMap">
    select a.* , b.goodsname from details a , goods b where a.goodsid = b.goodsid order by detailsid desc
  </select>
  <!-- 按主键查询 DAO通过id调用此配置 -->
  <select id="getDetailsById" parameterType="String" resultMap="detailsMap">
    select a.* , b.goodsname from details a , goods b where a.goodsid = b.goodsid and detailsid=#{detailsid} order by detailsid desc
  </select>
  <!-- 按条件精确查询 DAO通过id调用此配置 -->
  <select id="getDetailsByCond" parameterType="details" resultMap="detailsMap">
    select a.* , b.goodsname from details a , goods b where a.goodsid = b.goodsid
    <if test="ordercode != null and '' != ordercode">
      and a.ordercode = #{ordercode}
    </if>
    <if test="goodsid != null and '' != goodsid">
      and a.goodsid = #{goodsid}
    </if>
    <if test="price != null and '' != price">
      and a.price = #{price}
    </if>
    <if test="num != null and '' != num">
      and a.num = #{num}
    </if>
  </select>
  <!-- 按条件模糊查询 DAO通过id调用此配置 -->
  <select id="getDetailsByLike" parameterType="details" resultMap="detailsMap">
    select a.* , b.goodsname from details a , goods b where a.goodsid = b.goodsid
    <if test="ordercode != null and '' != ordercode">
      and a.ordercode like CONCAT('%', CONCAT(#{ordercode}, '%'))
    </if>
    <if test="goodsid != null and '' != goodsid">
      and b.goodsname like CONCAT('%', CONCAT(#{goodsid}, '%'))
    </if>
    <if test="price != null and '' != price">
      and a.price like CONCAT('%', CONCAT(#{price}, '%'))
    </if>
    <if test="num != null and '' != num">
      and a.num like CONCAT('%', CONCAT(#{num}, '%'))
    </if>
  </select>
</mapper>





























