<?xml version="1.0" encoding="UTF-8"?>  
<!DOCTYPE mapper PUBLIC "-//mybatis.org//DTD Mapper 3.0//EN" 
"http://mybatis.org/dtd/mybatis-3-mapper.dtd">
<!-- 配置Mabatis映射文件 -->
<mapper namespace="com.boot.dao.FavDAO">
  <resultMap type="fav" id="favMap">
    <id property="favid" column="favid" />
    <result property="usersid" column="usersid" />
    <result property="goodsid" column="goodsid" />
    <result property="addtime" column="addtime" />
    <result property="username" column="username" />
    <result property="goodsname" column="goodsname" />
  </resultMap>
  <!-- 插入语句 DAO通过id调用此配置 -->
  <insert id="insertFav" parameterType="fav">
    insert into fav(favid , usersid , goodsid , addtime ) values(#{favid} , #{usersid} , #{goodsid} , #{addtime} )
  </insert>
  <!-- 更新语句 DAO通过id调用此配置 -->
  <update id="updateFav" parameterType="fav">
    update fav set usersid=#{usersid} , goodsid=#{goodsid} , addtime=#{addtime} where favid=#{favid}
  </update>
  <!-- 按主键删除 DAO通过id调用此配置 -->
  <delete id="deleteFav" parameterType="String">
    delete from fav where favid = #{favid}
  </delete>
  <!-- 查询全部信息 DAO通过id调用此配置 -->
  <select id="getAllFav" resultMap="favMap">
    select a.* , b.username , c.goodsname from fav a , users b , goods c where a.usersid = b.usersid and a.goodsid = c.goodsid order by favid desc
  </select>
  <!-- 按主键查询 DAO通过id调用此配置 -->
  <select id="getFavById" parameterType="String" resultMap="favMap">
    select a.* , b.username , c.goodsname from fav a , users b , goods c where a.usersid = b.usersid and a.goodsid = c.goodsid and favid=#{favid} order by favid
    desc
  </select>
  <!-- 按条件精确查询 DAO通过id调用此配置 -->
  <select id="getFavByCond" parameterType="fav" resultMap="favMap">
    select a.* , b.username , c.goodsname from fav a , users b , goods c where a.usersid = b.usersid and a.goodsid = c.goodsid
    <if test="usersid != null and '' != usersid">
      and a.usersid = #{usersid}
    </if>
    <if test="goodsid != null and '' != goodsid">
      and a.goodsid = #{goodsid}
    </if>
    <if test="addtime != null and '' != addtime">
      and a.addtime = #{addtime}
    </if>
  </select>
  <!-- 按条件模糊查询 DAO通过id调用此配置 -->
  <select id="getFavByLike" parameterType="fav" resultMap="favMap">
    select a.* , b.username , c.goodsname from fav a , users b , goods c where a.usersid = b.usersid and a.goodsid = c.goodsid
    <if test="usersid != null and '' != usersid">
      and b.username like CONCAT('%', CONCAT(#{usersid}, '%'))
    </if>
    <if test="goodsid != null and '' != goodsid">
      and c.goodsname like CONCAT('%', CONCAT(#{goodsid}, '%'))
    </if>
    <if test="addtime != null and '' != addtime">
      and a.addtime like CONCAT('%', CONCAT(#{addtime}, '%'))
    </if>
  </select>
</mapper>





























